randomstate,svd,cholesky
0.0979690286726922,1.5067828253897848,0.5895108638453821
0.4400853794976822,1.8202132278333147,2.7756236601607247
0.26094846344373945,1.630191108136768,-1.0727796950422066
0.8460852784037585,1.1709111989663659,-0.07291690740378276
0.7329605282179606,1.995509336179825,0.8692535007808192
1.3780882566415975,2.366191333437567,1.2042482320343586
-0.7805135060417068,1.8158426438606308,1.3048694562073413
-0.20018694051127506,0.5965130448771689,0.9933494734676547
-0.8869033304500695,-1.0887921791227972,0.4586954349656871
-0.9147635773761715,0.7323486103483059,1.102799093618016
