randomstate,svd,cholesky
0.0979690286726922,1.5067828253897848,0.5895108638453821
0.8510258024225754,1.738522577150377,2.7756236601607247
-1.2944922209998215,-0.5997607564874361,-1.0727796950422066
-1.1840145803847344,0.530395048480902,-0.07291690740378254
0.4854180841009934,0.08545111349984924,0.8692535007808191
-0.2390789724144473,1.8629863885433342,1.2042482320343586
0.7711746637352508,1.8233736624413166,1.3048694562073413
0.7755532835594922,2.8039635077587115,0.9933494734676546
0.08713020483749645,1.5785772381397205,0.4586954349656872
0.6230842869687101,1.2154195449903729,1.102799093618016
